{
  "start_time": 1743067121.0033264,
  "urls_crawled": 3,
  "pages_indexed": 5,
  "errors": 0,
  "duration": 34.19924449920654
}