{
  "start_time": 1743066991.987228,
  "urls_crawled": 0,
  "pages_indexed": 0,
  "errors": 3,
  "duration": 9.995381832122803
}