{
  "start_time": 1743076736.5266025,
  "urls_crawled": 2,
  "pages_indexed": 2,
  "errors": 0,
  "duration": 7.759329319000244
}